Promo_ID,Product_ID,Discount_Percentage,Start_Date,End_Date,Campaign_Name,Promotion_Type,Promo_Duration_Days
PR0001,P0103,15,2023-06-06,2023-03-28,Campaign_1,Festival,-70
PR0002,P0436,25,2023-03-16,2023-02-19,Campaign_2,Flash Sale,-25
PR0003,P0349,30,2023-05-10,2023-10-30,Campaign_3,Bogo,173
PR0004,P0271,29,2024-11-17,2023-05-29,Campaign_4,Clearance,-538
PR0005,P0107,26,2023-03-25,2024-09-04,Campaign_5,Clearance,529
PR0006,P0072,31,2023-01-22,2024-06-29,Campaign_6,Bogo,524
PR0007,P0189,17,2024-04-03,2023-09-08,Campaign_7,Flash Sale,-208
PR0008,P0021,37,2024-06-22,2024-07-09,Campaign_8,Seasonal,17
PR0009,P0103,38,2024-12-07,2024-06-28,Campaign_9,Festival,-162
PR0010,P0122,45,2024-01-17,2025-01-27,Campaign_10,Flash Sale,376
PR0011,P0467,39,2024-03-15,2024-01-01,Campaign_11,Bogo,-74
PR0012,P0215,5,2024-08-26,2024-12-28,Campaign_12,Festival,124
PR0013,P0331,25,2023-01-21,2023-03-26,Campaign_13,Clearance,64
PR0014,P0459,10,2023-10-30,2024-06-13,Campaign_14,Seasonal,227
PR0015,P0088,32,2023-03-25,2024-07-19,Campaign_15,Clearance,482
PR0016,P0373,21,2024-10-20,2023-07-11,Campaign_16,Bogo,-467
PR0017,P0100,9,2024-03-28,2024-11-30,Campaign_17,Festival,247
PR0018,P0360,35,2024-01-22,2024-09-15,Campaign_18,Bogo,237
PR0019,P0152,9,2024-05-21,2023-07-08,Campaign_19,Festival,-318
PR0020,P0131,42,2023-09-14,2023-08-06,Campaign_20,Flash Sale,-39
PR0021,P0150,7,2024-07-23,2023-03-31,Campaign_21,Seasonal,-480
PR0022,P0309,27,2024-06-10,2023-12-15,Campaign_22,Flash Sale,-178
PR0023,P0258,41,2023-06-11,2023-08-29,Campaign_23,Flash Sale,79
PR0024,P0344,41,2023-06-12,2024-03-11,Campaign_24,Bogo,273
PR0025,P0492,14,2024-06-07,2024-11-24,Campaign_25,Seasonal,170
PR0026,P0414,14,2023-09-28,2023-05-19,Campaign_26,Festival,-132
PR0027,P0294,23,2024-05-06,2023-04-16,Campaign_27,Festival,-386
PR0028,P0386,21,2023-07-27,2024-07-25,Campaign_28,Clearance,364
PR0029,P0192,25,2024-06-22,2023-12-10,Campaign_29,Festival,-195
PR0030,P0444,18,2024-08-06,2023-05-27,Campaign_30,Bogo,-437
PR0031,P0277,13,2023-03-01,2025-01-03,Campaign_31,Flash Sale,674
PR0032,P0161,50,2024-03-05,2023-02-18,Campaign_32,Flash Sale,-381
PR0033,P0460,5,2024-10-18,2024-04-06,Campaign_33,Flash Sale,-195
PR0034,P0314,49,2024-08-27,2024-12-15,Campaign_34,Seasonal,110
PR0035,P0022,17,2023-11-05,2024-01-15,Campaign_35,Festival,71
PR0036,P0253,8,2024-06-03,2023-08-01,Campaign_36,Bogo,-307
PR0037,P0236,5,2024-08-13,2023-05-23,Campaign_37,Seasonal,-448
PR0038,P0345,44,2023-01-27,2023-08-01,Campaign_38,Clearance,186
PR0039,P0049,36,2024-11-16,2024-05-25,Campaign_39,Bogo,-175
PR0040,P0475,38,2024-07-15,2023-06-25,Campaign_40,Bogo,-386
PR0041,P0059,32,2023-07-18,2024-10-19,Campaign_41,Bogo,459
PR0042,P0170,35,2024-01-22,2023-05-23,Campaign_42,Flash Sale,-244
PR0043,P0476,12,2023-12-15,2024-05-20,Campaign_43,Bogo,157
PR0044,P0188,43,2024-11-23,2023-11-29,Campaign_44,Festival,-360
PR0045,P0464,30,2024-06-19,2023-05-28,Campaign_45,Bogo,-388
PR0046,P0271,38,2024-01-13,2023-07-10,Campaign_46,Flash Sale,-187
PR0047,P0190,7,2024-07-11,2024-03-06,Campaign_47,Bogo,-127
PR0048,P0446,16,2024-06-10,2023-08-16,Campaign_48,Clearance,-299
PR0049,P0175,5,2023-06-02,2023-10-17,Campaign_49,Clearance,137
PR0050,P0446,48,2023-07-25,2024-11-20,Campaign_50,Flash Sale,484
PR0051,P0051,9,2024-03-30,2023-03-18,Campaign_51,Festival,-378
PR0052,P0364,34,2023-09-30,2024-03-04,Campaign_52,Festival,156
PR0053,P0055,34,2023-08-24,2025-01-09,Campaign_53,Seasonal,504
PR0054,P0244,21,2024-06-04,2024-08-11,Campaign_54,Flash Sale,68
PR0055,P0320,27,2024-11-08,2023-04-18,Campaign_55,Bogo,-570
PR0056,P0131,19,2024-12-26,2023-06-03,Campaign_56,Flash Sale,-572
PR0057,P0485,41,2024-05-15,2023-04-15,Campaign_57,Seasonal,-396
PR0058,P0307,25,2023-04-27,2023-06-16,Campaign_58,Flash Sale,50
PR0059,P0135,18,2024-01-21,2024-09-23,Campaign_59,Flash Sale,246
PR0060,P0021,6,2023-12-10,2024-03-05,Campaign_60,Seasonal,86
PR0061,P0329,15,2024-08-06,2024-06-18,Campaign_61,Festival,-49
PR0062,P0167,43,2024-01-30,2024-06-13,Campaign_62,Bogo,135
PR0063,P0274,42,2023-03-05,2024-08-25,Campaign_63,Seasonal,539
PR0064,P0388,38,2024-12-17,2023-06-17,Campaign_64,Clearance,-549
PR0065,P0089,42,2024-12-21,2023-03-21,Campaign_65,Festival,-641
PR0066,P0316,38,2023-03-13,2024-10-10,Campaign_66,Clearance,577
PR0067,P0014,22,2023-10-01,2024-10-16,Campaign_67,Festival,381
PR0068,P0242,34,2023-11-16,2023-10-11,Campaign_68,Bogo,-36
PR0069,P0265,19,2023-12-04,2024-10-21,Campaign_69,Bogo,322
PR0070,P0346,31,2024-01-01,2025-01-09,Campaign_70,Flash Sale,374
PR0071,P0053,38,2024-05-09,2024-08-15,Campaign_71,Clearance,98
PR0072,P0386,42,2024-08-29,2024-03-31,Campaign_72,Festival,-151
PR0073,P0340,37,2023-06-15,2024-07-30,Campaign_73,Bogo,411
PR0074,P0092,28,2024-06-27,2023-11-28,Campaign_74,Seasonal,-212
PR0075,P0367,19,2023-01-11,2024-09-02,Campaign_75,Bogo,600
PR0076,P0444,34,2023-10-28,2024-01-14,Campaign_76,Seasonal,78
PR0077,P0455,46,2024-12-29,2023-03-20,Campaign_77,Festival,-650
PR0078,P0428,21,2023-04-12,2023-04-14,Campaign_78,Bogo,2
PR0079,P0264,9,2024-02-29,2025-01-03,Campaign_79,Bogo,309
PR0080,P0431,33,2024-01-27,2023-10-18,Campaign_80,Festival,-101
PR0081,P0035,8,2023-08-02,2024-01-21,Campaign_81,Bogo,172
PR0082,P0206,14,2024-11-21,2024-09-03,Campaign_82,Seasonal,-79
PR0083,P0081,21,2023-03-29,2024-09-23,Campaign_83,Bogo,544
PR0084,P0420,14,2024-07-06,2023-10-17,Campaign_84,Clearance,-263
PR0085,P0050,21,2024-02-05,2024-10-29,Campaign_85,Flash Sale,267
PR0086,P0360,24,2024-08-10,2023-11-21,Campaign_86,Seasonal,-263
PR0087,P0388,28,2023-02-15,2024-11-01,Campaign_87,Clearance,625
PR0088,P0002,9,2024-11-02,2023-12-09,Campaign_88,Festival,-329
PR0089,P0390,38,2024-04-07,2024-10-03,Campaign_89,Seasonal,179
PR0090,P0054,10,2024-08-14,2023-07-31,Campaign_90,Flash Sale,-380
PR0091,P0106,6,2023-11-06,2024-12-16,Campaign_91,Flash Sale,406
PR0092,P0260,17,2023-03-27,2024-01-29,Campaign_92,Festival,308
PR0093,P0310,47,2023-04-02,2023-08-06,Campaign_93,Festival,126
PR0094,P0477,47,2024-10-21,2024-08-21,Campaign_94,Seasonal,-61
PR0095,P0191,15,2024-11-03,2024-07-26,Campaign_95,Bogo,-100
PR0096,P0402,27,2024-12-14,2024-09-17,Campaign_96,Festival,-88
PR0097,P0218,20,2023-08-30,2024-11-24,Campaign_97,Bogo,452
PR0098,P0044,35,2023-01-02,2024-07-31,Campaign_98,Clearance,576
PR0099,P0162,15,2023-08-13,2025-01-24,Campaign_99,Flash Sale,530
PR0100,P0202,20,2024-08-11,2024-03-13,Campaign_100,Bogo,-151
PR0101,P0446,12,2023-04-26,2024-10-09,Campaign_101,Flash Sale,532
PR0102,P0484,8,2024-10-27,2024-03-19,Campaign_102,Bogo,-222
PR0103,P0270,44,2023-04-13,2024-01-07,Campaign_103,Clearance,269
PR0104,P0351,8,2023-07-13,2023-09-07,Campaign_104,Festival,56
PR0105,P0304,29,2023-06-15,2023-07-12,Campaign_105,Clearance,27
PR0106,P0271,7,2023-03-31,2023-09-07,Campaign_106,Festival,160
PR0107,P0456,36,2024-11-16,2023-10-27,Campaign_107,Festival,-386
PR0108,P0462,7,2023-05-02,2024-10-23,Campaign_108,Flash Sale,540
PR0109,P0215,31,2023-05-23,2024-03-05,Campaign_109,Clearance,287
PR0110,P0252,33,2023-04-16,2023-07-31,Campaign_110,Bogo,106
PR0111,P0190,36,2024-03-03,2024-10-09,Campaign_111,Clearance,220
PR0112,P0296,23,2023-11-01,2025-01-28,Campaign_112,Flash Sale,454
PR0113,P0213,25,2023-11-13,2023-08-23,Campaign_113,Festival,-82
PR0114,P0208,9,2024-09-26,2024-09-03,Campaign_114,Flash Sale,-23
PR0115,P0237,22,2023-01-09,2024-08-08,Campaign_115,Seasonal,577
PR0116,P0338,32,2023-03-14,2023-09-15,Campaign_116,Seasonal,185
PR0117,P0367,46,2023-12-25,2024-12-26,Campaign_117,Bogo,367
PR0118,P0053,26,2023-08-11,2024-10-10,Campaign_118,Flash Sale,426
PR0119,P0280,25,2024-02-20,2024-09-17,Campaign_119,Bogo,210
PR0120,P0410,10,2024-07-06,2023-10-07,Campaign_120,Bogo,-273
PR0121,P0217,5,2024-01-05,2024-04-15,Campaign_121,Seasonal,101
PR0122,P0252,9,2024-12-16,2024-07-16,Campaign_122,Bogo,-153
PR0123,P0188,45,2023-09-21,2023-08-14,Campaign_123,Seasonal,-38
PR0124,P0380,16,2024-11-20,2024-12-20,Campaign_124,Festival,30
PR0125,P0493,30,2023-11-14,2024-07-02,Campaign_125,Flash Sale,231
PR0126,P0041,50,2023-03-25,2023-04-10,Campaign_126,Bogo,16
PR0127,P0157,38,2023-11-14,2024-10-30,Campaign_127,Seasonal,351
PR0128,P0015,18,2023-04-21,2024-03-04,Campaign_128,Clearance,318
PR0129,P0301,30,2023-09-08,2024-12-02,Campaign_129,Bogo,451
PR0130,P0065,49,2024-01-18,2023-08-21,Campaign_130,Festival,-150
PR0131,P0345,31,2023-01-07,2023-06-27,Campaign_131,Festival,171
PR0132,P0327,13,2024-04-03,2024-05-16,Campaign_132,Clearance,43
PR0133,P0009,30,2023-03-25,2024-11-15,Campaign_133,Seasonal,601
PR0134,P0344,26,2023-07-27,2023-08-17,Campaign_134,Bogo,21
PR0135,P0129,34,2024-01-25,2024-03-31,Campaign_135,Seasonal,66
PR0136,P0492,47,2023-11-10,2024-11-26,Campaign_136,Festival,382
PR0137,P0136,21,2023-01-22,2024-06-05,Campaign_137,Seasonal,500
PR0138,P0472,30,2024-02-14,2023-06-21,Campaign_138,Festival,-238
PR0139,P0063,40,2024-05-29,2023-12-09,Campaign_139,Seasonal,-172
PR0140,P0139,5,2023-05-07,2023-07-14,Campaign_140,Clearance,68
PR0141,P0499,12,2024-11-30,2023-12-10,Campaign_141,Flash Sale,-356
PR0142,P0081,39,2023-01-14,2023-02-20,Campaign_142,Clearance,37
PR0143,P0392,19,2023-01-12,2023-04-22,Campaign_143,Clearance,100
PR0144,P0163,26,2023-03-28,2024-09-02,Campaign_144,Flash Sale,524
PR0145,P0419,18,2024-06-07,2023-06-10,Campaign_145,Flash Sale,-363
PR0146,P0289,30,2024-06-20,2024-09-20,Campaign_146,Bogo,92
PR0147,P0379,32,2023-10-28,2025-01-29,Campaign_147,Bogo,459
PR0148,P0261,27,2023-08-31,2023-12-01,Campaign_148,Clearance,92
PR0149,P0490,18,2023-05-02,2024-02-05,Campaign_149,Clearance,279
PR0150,P0231,28,2023-05-27,2024-02-18,Campaign_150,Festival,267
PR0151,P0041,6,2024-07-20,2024-04-19,Campaign_151,Festival,-92
PR0152,P0028,49,2023-12-22,2024-03-30,Campaign_152,Bogo,99
PR0153,P0135,30,2024-11-15,2023-07-10,Campaign_153,Bogo,-494
PR0154,P0201,18,2024-09-22,2023-07-27,Campaign_154,Festival,-423
PR0155,P0328,11,2023-11-05,2024-10-20,Campaign_155,Festival,350
PR0156,P0268,7,2024-11-25,2025-01-07,Campaign_156,Seasonal,43
PR0157,P0418,27,2023-10-15,2024-06-03,Campaign_157,Seasonal,232
PR0158,P0033,50,2023-11-03,2023-12-23,Campaign_158,Festival,50
PR0159,P0048,47,2024-08-16,2024-09-19,Campaign_159,Seasonal,34
PR0160,P0407,49,2024-12-23,2023-11-15,Campaign_160,Flash Sale,-404
PR0161,P0062,22,2024-10-23,2024-09-14,Campaign_161,Bogo,-39
PR0162,P0216,42,2024-07-02,2024-11-24,Campaign_162,Bogo,145
PR0163,P0293,39,2023-12-18,2024-08-25,Campaign_163,Festival,251
PR0164,P0099,19,2023-11-08,2024-08-25,Campaign_164,Clearance,291
PR0165,P0172,29,2023-02-28,2024-01-19,Campaign_165,Festival,325
PR0166,P0360,41,2024-10-04,2023-02-27,Campaign_166,Seasonal,-585
PR0167,P0214,32,2024-12-14,2023-03-14,Campaign_167,Clearance,-641
PR0168,P0475,14,2023-02-04,2024-12-11,Campaign_168,Seasonal,676
PR0169,P0035,43,2024-03-20,2024-03-28,Campaign_169,Flash Sale,8
PR0170,P0449,21,2023-04-03,2024-09-19,Campaign_170,Seasonal,535
PR0171,P0227,43,2023-07-26,2023-07-26,Campaign_171,Flash Sale,0
PR0172,P0101,26,2023-12-19,2024-07-12,Campaign_172,Flash Sale,206
PR0173,P0431,30,2023-11-28,2024-10-01,Campaign_173,Seasonal,308
PR0174,P0462,48,2024-12-25,2024-06-07,Campaign_174,Seasonal,-201
PR0175,P0131,29,2023-06-08,2023-08-16,Campaign_175,Flash Sale,69
PR0176,P0257,21,2023-01-24,2024-10-01,Campaign_176,Clearance,616
PR0177,P0005,17,2024-02-08,2024-08-29,Campaign_177,Flash Sale,203
PR0178,P0218,24,2024-05-30,2024-06-30,Campaign_178,Bogo,31
PR0179,P0255,29,2023-12-30,2024-06-27,Campaign_179,Flash Sale,180
PR0180,P0398,8,2024-01-17,2023-02-21,Campaign_180,Clearance,-330
PR0181,P0359,14,2024-06-15,2023-05-22,Campaign_181,Bogo,-390
PR0182,P0283,7,2023-06-01,2023-03-28,Campaign_182,Festival,-65
PR0183,P0393,45,2024-07-15,2023-04-06,Campaign_183,Festival,-466
PR0184,P0207,49,2024-11-19,2023-05-08,Campaign_184,Clearance,-561
PR0185,P0015,22,2024-08-30,2023-06-23,Campaign_185,Flash Sale,-434
PR0186,P0346,40,2024-09-08,2024-04-09,Campaign_186,Seasonal,-152
PR0187,P0042,26,2024-02-24,2024-10-28,Campaign_187,Clearance,247
PR0188,P0380,38,2023-09-07,2024-12-09,Campaign_188,Bogo,459
PR0189,P0461,12,2023-04-27,2023-04-26,Campaign_189,Bogo,-1
PR0190,P0179,44,2024-05-26,2024-09-09,Campaign_190,Festival,106
PR0191,P0063,48,2024-07-31,2024-01-09,Campaign_191,Bogo,-204
PR0192,P0352,23,2023-12-01,2023-11-20,Campaign_192,Clearance,-11
PR0193,P0231,46,2024-02-22,2024-08-23,Campaign_193,Bogo,183
PR0194,P0241,45,2023-10-22,2024-11-10,Campaign_194,Clearance,385
PR0195,P0052,41,2024-01-06,2024-10-02,Campaign_195,Seasonal,270
PR0196,P0096,10,2023-07-05,2025-01-03,Campaign_196,Festival,548
PR0197,P0388,30,2023-09-03,2023-09-30,Campaign_197,Bogo,27
PR0198,P0222,38,2024-09-28,2024-08-13,Campaign_198,Clearance,-46
PR0199,P0485,49,2023-09-25,2023-03-03,Campaign_199,Flash Sale,-206
PR0200,P0407,10,2024-10-04,2024-02-25,Campaign_200,Festival,-222
PR0201,P0231,41,2023-08-25,2023-11-03,Campaign_201,Seasonal,70
PR0202,P0237,37,2024-06-13,2024-07-15,Campaign_202,Clearance,32
PR0203,P0143,26,2024-07-05,2023-07-03,Campaign_203,Seasonal,-368
PR0204,P0171,25,2023-01-21,2024-02-17,Campaign_204,Seasonal,392
PR0205,P0029,10,2024-06-03,2023-04-08,Campaign_205,Bogo,-422
PR0206,P0036,10,2023-04-10,2023-09-01,Campaign_206,Bogo,144
PR0207,P0013,8,2024-04-22,2024-11-15,Campaign_207,Clearance,207
PR0208,P0160,34,2024-08-21,2024-02-10,Campaign_208,Flash Sale,-193
PR0209,P0327,15,2023-10-25,2023-08-31,Campaign_209,Clearance,-55
PR0210,P0187,34,2024-06-09,2023-04-19,Campaign_210,Flash Sale,-417
PR0211,P0243,35,2023-11-30,2025-01-25,Campaign_211,Seasonal,422
PR0212,P0086,28,2023-01-02,2024-10-19,Campaign_212,Festival,656
PR0213,P0284,13,2024-01-10,2024-09-25,Campaign_213,Clearance,259
PR0214,P0066,7,2023-10-20,2024-02-15,Campaign_214,Clearance,118
PR0215,P0170,35,2024-07-06,2024-12-10,Campaign_215,Flash Sale,157
PR0216,P0045,44,2023-11-14,2023-03-29,Campaign_216,Seasonal,-230
PR0217,P0062,41,2024-05-16,2023-02-25,Campaign_217,Seasonal,-446
PR0218,P0441,40,2024-01-16,2024-04-21,Campaign_218,Flash Sale,96
PR0219,P0134,28,2024-09-14,2023-04-06,Campaign_219,Seasonal,-527
PR0220,P0284,35,2023-01-14,2023-10-11,Campaign_220,Bogo,270
PR0221,P0028,10,2024-05-18,2023-03-15,Campaign_221,Festival,-430
PR0222,P0108,6,2023-08-19,2023-05-07,Campaign_222,Clearance,-104
PR0223,P0044,24,2023-03-25,2024-08-06,Campaign_223,Festival,500
PR0224,P0340,32,2023-05-10,2023-09-14,Campaign_224,Clearance,127
PR0225,P0286,15,2023-05-25,2024-12-09,Campaign_225,Bogo,564
PR0226,P0446,8,2023-01-28,2024-04-10,Campaign_226,Seasonal,438
PR0227,P0331,19,2023-03-07,2024-09-22,Campaign_227,Flash Sale,565
PR0228,P0128,10,2023-06-12,2024-02-13,Campaign_228,Bogo,246
PR0229,P0348,34,2023-08-17,2023-07-27,Campaign_229,Festival,-21
PR0230,P0473,42,2023-09-18,2024-04-01,Campaign_230,Flash Sale,196
PR0231,P0231,6,2024-03-24,2025-01-08,Campaign_231,Seasonal,290
PR0232,P0190,19,2024-02-28,2023-12-03,Campaign_232,Bogo,-87
PR0233,P0225,15,2024-04-04,2024-06-17,Campaign_233,Flash Sale,74
PR0234,P0385,12,2024-11-06,2023-10-25,Campaign_234,Bogo,-378
PR0235,P0377,30,2023-10-28,2024-09-07,Campaign_235,Bogo,315
PR0236,P0283,49,2023-10-30,2023-02-07,Campaign_236,Seasonal,-265
PR0237,P0446,48,2023-10-14,2024-06-21,Campaign_237,Clearance,251
PR0238,P0121,9,2024-01-30,2024-05-20,Campaign_238,Flash Sale,111
PR0239,P0116,10,2023-01-10,2023-11-23,Campaign_239,Seasonal,317
PR0240,P0461,30,2024-12-07,2023-07-13,Campaign_240,Bogo,-513
PR0241,P0233,8,2024-09-21,2024-05-29,Campaign_241,Seasonal,-115
PR0242,P0259,23,2023-09-27,2024-09-18,Campaign_242,Clearance,357
PR0243,P0359,24,2024-08-14,2023-04-12,Campaign_243,Flash Sale,-490
PR0244,P0198,37,2024-08-27,2024-08-19,Campaign_244,Clearance,-8
PR0245,P0456,24,2023-12-27,2024-08-11,Campaign_245,Festival,228
PR0246,P0411,16,2023-09-14,2023-09-25,Campaign_246,Flash Sale,11
PR0247,P0137,5,2023-05-13,2023-05-14,Campaign_247,Clearance,1
PR0248,P0318,30,2023-10-03,2023-08-28,Campaign_248,Bogo,-36
PR0249,P0165,18,2024-11-13,2024-08-06,Campaign_249,Flash Sale,-99
PR0250,P0225,42,2024-05-27,2024-05-12,Campaign_250,Flash Sale,-15
PR0251,P0307,41,2023-11-09,2024-04-28,Campaign_251,Seasonal,171
PR0252,P0234,15,2024-07-29,2023-10-25,Campaign_252,Bogo,-278
PR0253,P0172,40,2023-10-11,2024-02-20,Campaign_253,Festival,132
PR0254,P0152,17,2023-05-01,2024-02-21,Campaign_254,Clearance,296
PR0255,P0463,47,2023-04-17,2023-10-16,Campaign_255,Seasonal,182
PR0256,P0315,7,2024-11-17,2023-11-09,Campaign_256,Clearance,-374
PR0257,P0374,37,2023-07-23,2024-10-17,Campaign_257,Festival,452
PR0258,P0160,10,2023-06-14,2023-03-11,Campaign_258,Festival,-95
PR0259,P0096,14,2023-11-01,2024-05-30,Campaign_259,Flash Sale,211
PR0260,P0472,9,2024-05-11,2023-09-07,Campaign_260,Festival,-247
PR0261,P0233,27,2024-09-23,2023-06-08,Campaign_261,Clearance,-473
PR0262,P0180,14,2024-07-09,2024-07-03,Campaign_262,Bogo,-6
PR0263,P0113,48,2023-06-05,2024-10-04,Campaign_263,Bogo,487
PR0264,P0318,6,2024-01-02,2024-12-18,Campaign_264,Flash Sale,351
PR0265,P0497,17,2024-12-19,2024-10-10,Campaign_265,Clearance,-70
PR0266,P0442,44,2024-09-11,2024-10-04,Campaign_266,Clearance,23
PR0267,P0052,6,2023-09-08,2023-10-17,Campaign_267,Festival,39
PR0268,P0268,24,2023-11-30,2024-01-31,Campaign_268,Clearance,62
PR0269,P0295,5,2024-10-03,2024-07-27,Campaign_269,Seasonal,-68
PR0270,P0386,41,2024-05-25,2024-11-09,Campaign_270,Festival,168
PR0271,P0387,13,2023-10-20,2024-07-07,Campaign_271,Seasonal,261
PR0272,P0113,21,2023-01-20,2023-02-15,Campaign_272,Flash Sale,26
PR0273,P0101,13,2023-10-09,2023-06-08,Campaign_273,Bogo,-123
PR0274,P0113,15,2023-01-01,2024-08-27,Campaign_274,Flash Sale,604
PR0275,P0440,19,2023-04-29,2023-05-19,Campaign_275,Bogo,20
PR0276,P0081,28,2023-02-04,2024-07-16,Campaign_276,Flash Sale,528
PR0277,P0187,42,2023-07-17,2024-11-30,Campaign_277,Clearance,502
PR0278,P0113,39,2024-04-29,2023-10-26,Campaign_278,Seasonal,-186
PR0279,P0002,34,2023-02-28,2023-07-11,Campaign_279,Bogo,133
PR0280,P0130,35,2023-06-10,2023-10-17,Campaign_280,Festival,129
PR0281,P0220,9,2024-11-21,2023-05-12,Campaign_281,Seasonal,-559
PR0282,P0054,48,2023-07-25,2024-06-19,Campaign_282,Festival,330
PR0283,P0343,18,2023-01-12,2024-08-23,Campaign_283,Seasonal,589
PR0284,P0485,15,2024-05-04,2023-10-04,Campaign_284,Seasonal,-213
PR0285,P0224,13,2023-10-03,2024-10-31,Campaign_285,Flash Sale,394
PR0286,P0225,38,2024-11-23,2024-07-20,Campaign_286,Bogo,-126
PR0287,P0385,16,2023-08-30,2023-06-10,Campaign_287,Bogo,-81
PR0288,P0403,39,2023-08-04,2024-01-18,Campaign_288,Seasonal,167
PR0289,P0126,39,2023-09-08,2023-08-14,Campaign_289,Clearance,-25
PR0290,P0130,5,2023-05-06,2024-11-26,Campaign_290,Clearance,570
PR0291,P0053,44,2023-08-05,2024-02-16,Campaign_291,Festival,195
PR0292,P0172,26,2023-11-02,2024-11-05,Campaign_292,Festival,369
PR0293,P0218,33,2023-07-04,2023-09-14,Campaign_293,Flash Sale,72
PR0294,P0160,12,2023-02-08,2024-12-31,Campaign_294,Seasonal,692
PR0295,P0198,15,2023-08-11,2024-05-20,Campaign_295,Festival,283
PR0296,P0416,45,2023-07-03,2024-05-21,Campaign_296,Festival,323
PR0297,P0247,41,2024-05-09,2023-10-22,Campaign_297,Seasonal,-200
PR0298,P0324,18,2024-03-02,2024-02-06,Campaign_298,Flash Sale,-25
PR0299,P0439,34,2023-06-27,2024-05-30,Campaign_299,Festival,338
PR0300,P0203,39,2024-03-03,2024-04-08,Campaign_300,Flash Sale,36
PR0301,P0184,25,2023-10-21,2024-11-06,Campaign_301,Bogo,382
PR0302,P0123,41,2023-05-31,2023-08-29,Campaign_302,Flash Sale,90
PR0303,P0401,9,2024-01-19,2024-08-24,Campaign_303,Clearance,218
PR0304,P0255,23,2024-09-29,2024-02-11,Campaign_304,Clearance,-231
PR0305,P0294,18,2023-11-04,2024-02-29,Campaign_305,Flash Sale,117
PR0306,P0280,30,2023-12-02,2024-04-24,Campaign_306,Clearance,144
PR0307,P0325,8,2024-01-10,2024-01-29,Campaign_307,Bogo,19
PR0308,P0372,29,2023-01-08,2024-05-01,Campaign_308,Seasonal,479
PR0309,P0098,49,2023-12-07,2025-01-24,Campaign_309,Clearance,414
PR0310,P0198,46,2023-05-09,2025-01-27,Campaign_310,Clearance,629
PR0311,P0470,29,2024-10-30,2023-09-13,Campaign_311,Flash Sale,-413
PR0312,P0395,22,2023-12-18,2023-06-10,Campaign_312,Bogo,-191
PR0313,P0240,44,2023-12-24,2024-09-09,Campaign_313,Seasonal,260
PR0314,P0144,12,2024-05-31,2024-05-20,Campaign_314,Flash Sale,-11
PR0315,P0097,43,2024-05-09,2023-11-03,Campaign_315,Flash Sale,-188
PR0316,P0201,44,2023-03-27,2023-07-05,Campaign_316,Bogo,100
PR0317,P0124,18,2023-06-24,2023-09-05,Campaign_317,Seasonal,73
PR0318,P0187,36,2023-07-12,2023-08-08,Campaign_318,Bogo,27
PR0319,P0326,42,2023-11-07,2024-03-22,Campaign_319,Seasonal,136
PR0320,P0464,37,2023-04-29,2024-12-05,Campaign_320,Bogo,586
PR0321,P0349,27,2023-08-06,2024-12-22,Campaign_321,Flash Sale,504
PR0322,P0259,19,2024-03-02,2024-07-29,Campaign_322,Flash Sale,149
PR0323,P0148,37,2024-02-18,2023-03-12,Campaign_323,Festival,-343
PR0324,P0252,29,2023-04-24,2023-12-03,Campaign_324,Clearance,223
PR0325,P0443,21,2023-05-25,2024-01-03,Campaign_325,Bogo,223
PR0326,P0420,37,2024-06-21,2023-12-10,Campaign_326,Festival,-194
PR0327,P0403,6,2024-10-09,2023-04-15,Campaign_327,Clearance,-543
PR0328,P0346,18,2023-10-30,2023-11-05,Campaign_328,Bogo,6
PR0329,P0451,44,2024-08-10,2023-07-25,Campaign_329,Seasonal,-382
PR0330,P0147,44,2023-12-11,2024-11-22,Campaign_330,Clearance,347
PR0331,P0148,43,2023-01-01,2023-10-30,Campaign_331,Flash Sale,302
PR0332,P0352,10,2023-05-27,2024-10-11,Campaign_332,Festival,503
PR0333,P0199,10,2023-10-14,2024-11-11,Campaign_333,Clearance,394
PR0334,P0308,7,2024-10-15,2023-11-15,Campaign_334,Clearance,-335
PR0335,P0489,11,2023-02-22,2025-01-23,Campaign_335,Flash Sale,701
PR0336,P0417,12,2023-10-31,2023-10-29,Campaign_336,Bogo,-2
PR0337,P0424,46,2023-03-10,2023-04-06,Campaign_337,Seasonal,27
PR0338,P0128,19,2023-12-27,2024-05-27,Campaign_338,Flash Sale,152
PR0339,P0039,33,2024-08-24,2023-10-05,Campaign_339,Seasonal,-324
PR0340,P0338,37,2023-08-08,2023-07-05,Campaign_340,Bogo,-34
PR0341,P0360,34,2024-12-04,2023-03-18,Campaign_341,Clearance,-627
PR0342,P0129,43,2024-07-28,2024-04-28,Campaign_342,Seasonal,-91
PR0343,P0267,31,2024-08-07,2023-08-19,Campaign_343,Festival,-354
PR0344,P0476,40,2023-06-10,2024-11-20,Campaign_344,Festival,529
PR0345,P0441,33,2024-11-11,2023-06-03,Campaign_345,Flash Sale,-527
PR0346,P0473,42,2023-03-30,2023-01-31,Campaign_346,Bogo,-58
PR0347,P0434,37,2024-11-18,2024-10-31,Campaign_347,Flash Sale,-18
PR0348,P0151,41,2024-08-07,2023-08-09,Campaign_348,Flash Sale,-364
PR0349,P0415,31,2024-08-11,2024-08-31,Campaign_349,Flash Sale,20
PR0350,P0478,37,2023-06-08,2024-06-29,Campaign_350,Festival,387
PR0351,P0298,8,2024-05-03,2024-04-16,Campaign_351,Festival,-17
PR0352,P0099,26,2023-11-20,2023-06-22,Campaign_352,Flash Sale,-151
PR0353,P0263,6,2024-09-01,2023-08-09,Campaign_353,Festival,-389
PR0354,P0252,14,2024-01-16,2024-07-16,Campaign_354,Bogo,182
PR0355,P0144,9,2023-04-12,2023-09-14,Campaign_355,Flash Sale,155
PR0356,P0346,14,2024-05-08,2023-12-09,Campaign_356,Festival,-151
PR0357,P0112,37,2024-10-05,2024-10-20,Campaign_357,Seasonal,15
PR0358,P0500,42,2024-09-05,2023-11-28,Campaign_358,Flash Sale,-282
PR0359,P0060,17,2023-01-19,2024-11-14,Campaign_359,Flash Sale,665
PR0360,P0369,35,2024-03-29,2024-05-04,Campaign_360,Bogo,36
PR0361,P0002,40,2024-04-26,2024-03-06,Campaign_361,Clearance,-51
PR0362,P0385,49,2024-08-16,2024-08-03,Campaign_362,Clearance,-13
PR0363,P0304,28,2024-02-01,2024-02-27,Campaign_363,Bogo,26
PR0364,P0254,19,2023-10-06,2023-08-25,Campaign_364,Bogo,-42
PR0365,P0140,33,2023-12-31,2023-08-28,Campaign_365,Bogo,-125
PR0366,P0453,12,2023-11-27,2023-05-25,Campaign_366,Clearance,-186
PR0367,P0037,9,2024-10-02,2024-11-06,Campaign_367,Bogo,35
PR0368,P0160,33,2023-12-10,2023-10-08,Campaign_368,Festival,-63
PR0369,P0009,8,2024-03-30,2023-09-06,Campaign_369,Flash Sale,-206
PR0370,P0233,16,2024-08-23,2024-03-12,Campaign_370,Flash Sale,-164
PR0371,P0099,49,2024-12-25,2024-04-17,Campaign_371,Seasonal,-252
PR0372,P0147,6,2024-10-16,2024-09-24,Campaign_372,Seasonal,-22
PR0373,P0304,31,2023-03-06,2024-01-19,Campaign_373,Flash Sale,319
PR0374,P0208,35,2023-03-17,2024-08-10,Campaign_374,Festival,512
PR0375,P0131,40,2024-12-11,2024-08-02,Campaign_375,Clearance,-131
PR0376,P0404,40,2023-05-23,2023-06-21,Campaign_376,Clearance,29
PR0377,P0152,30,2024-08-27,2024-10-03,Campaign_377,Festival,37
PR0378,P0054,47,2024-04-17,2024-06-14,Campaign_378,Clearance,58
PR0379,P0120,31,2024-02-21,2025-01-01,Campaign_379,Bogo,315
PR0380,P0161,9,2023-11-01,2024-07-30,Campaign_380,Flash Sale,272
PR0381,P0408,24,2024-05-11,2024-11-19,Campaign_381,Flash Sale,192
PR0382,P0116,15,2023-10-18,2024-07-25,Campaign_382,Festival,281
PR0383,P0075,14,2023-04-12,2024-06-20,Campaign_383,Clearance,435
PR0384,P0113,44,2023-09-24,2024-09-17,Campaign_384,Seasonal,359
PR0385,P0456,42,2024-09-13,2023-11-07,Campaign_385,Seasonal,-311
PR0386,P0420,10,2023-01-03,2024-03-29,Campaign_386,Clearance,451
PR0387,P0422,12,2023-03-26,2023-10-27,Campaign_387,Seasonal,215
PR0388,P0104,27,2023-11-24,2023-07-03,Campaign_388,Festival,-144
PR0389,P0340,30,2024-03-25,2024-10-05,Campaign_389,Festival,194
PR0390,P0254,50,2024-03-29,2025-01-26,Campaign_390,Clearance,303
PR0391,P0227,47,2024-09-20,2024-11-22,Campaign_391,Seasonal,63
PR0392,P0112,16,2023-08-09,2023-04-23,Campaign_392,Festival,-108
PR0393,P0473,30,2023-06-03,2024-10-13,Campaign_393,Festival,498
PR0394,P0099,17,2024-10-26,2024-03-31,Campaign_394,Bogo,-209
PR0395,P0153,44,2023-01-12,2023-11-01,Campaign_395,Bogo,293
PR0396,P0349,22,2023-05-13,2025-01-12,Campaign_396,Festival,610
PR0397,P0402,29,2023-10-31,2023-11-10,Campaign_397,Clearance,10
PR0398,P0384,37,2023-10-20,2023-07-22,Campaign_398,Flash Sale,-90
PR0399,P0366,44,2023-10-27,2023-12-23,Campaign_399,Flash Sale,57
PR0400,P0338,47,2023-02-12,2025-01-17,Campaign_400,Festival,705
PR0401,P0194,16,2023-12-09,2023-04-03,Campaign_401,Festival,-250
PR0402,P0310,48,2023-11-22,2023-04-13,Campaign_402,Festival,-223
PR0403,P0163,40,2024-05-12,2024-10-27,Campaign_403,Clearance,168
PR0404,P0208,8,2023-12-30,2024-02-09,Campaign_404,Bogo,41
PR0405,P0445,9,2024-03-02,2024-10-24,Campaign_405,Festival,236
PR0406,P0169,41,2023-01-21,2024-06-21,Campaign_406,Festival,517
PR0407,P0484,12,2024-02-11,2024-03-03,Campaign_407,Seasonal,21
PR0408,P0161,46,2024-09-10,2023-05-30,Campaign_408,Clearance,-469
PR0409,P0068,32,2023-12-02,2024-04-11,Campaign_409,Festival,131
PR0410,P0289,35,2023-04-27,2024-12-06,Campaign_410,Seasonal,589
PR0411,P0398,13,2023-05-04,2024-05-09,Campaign_411,Flash Sale,371
PR0412,P0277,33,2024-02-03,2023-11-12,Campaign_412,Festival,-83
PR0413,P0304,18,2024-12-15,2023-10-22,Campaign_413,Festival,-420
PR0414,P0404,44,2023-02-20,2023-12-16,Campaign_414,Seasonal,299
PR0415,P0384,45,2023-11-20,2024-12-03,Campaign_415,Clearance,379
PR0416,P0392,26,2023-05-21,2024-02-10,Campaign_416,Festival,265
PR0417,P0135,15,2024-04-14,2023-04-29,Campaign_417,Flash Sale,-351
PR0418,P0195,27,2023-11-30,2024-11-14,Campaign_418,Festival,350
PR0419,P0401,5,2024-01-08,2023-08-21,Campaign_419,Flash Sale,-140
PR0420,P0128,50,2024-07-17,2023-12-30,Campaign_420,Bogo,-200
PR0421,P0033,41,2024-05-08,2023-09-09,Campaign_421,Bogo,-242
PR0422,P0176,25,2024-06-22,2023-03-12,Campaign_422,Flash Sale,-468
PR0423,P0460,30,2024-10-30,2025-01-07,Campaign_423,Clearance,69
PR0424,P0443,50,2023-06-05,2023-04-08,Campaign_424,Festival,-58
PR0425,P0371,40,2023-10-18,2024-06-27,Campaign_425,Festival,253
PR0426,P0470,27,2024-10-09,2024-10-28,Campaign_426,Bogo,19
PR0427,P0375,5,2023-05-24,2024-10-13,Campaign_427,Flash Sale,508
PR0428,P0022,44,2023-04-16,2024-09-19,Campaign_428,Festival,522
PR0429,P0238,19,2024-02-24,2024-10-23,Campaign_429,Festival,242
PR0430,P0158,25,2024-10-31,2023-06-06,Campaign_430,Clearance,-513
PR0431,P0038,13,2024-10-19,2023-10-12,Campaign_431,Seasonal,-373
PR0432,P0230,13,2023-01-02,2024-12-25,Campaign_432,Bogo,723
PR0433,P0365,14,2024-08-11,2023-02-15,Campaign_433,Bogo,-543
PR0434,P0051,30,2024-10-05,2024-05-21,Campaign_434,Seasonal,-137
PR0435,P0438,45,2023-03-31,2023-04-02,Campaign_435,Festival,2
PR0436,P0264,39,2023-12-11,2024-04-06,Campaign_436,Clearance,117
PR0437,P0283,29,2023-12-16,2024-11-30,Campaign_437,Clearance,350
PR0438,P0027,30,2024-04-03,2023-10-25,Campaign_438,Bogo,-161
PR0439,P0226,15,2023-09-20,2023-03-06,Campaign_439,Clearance,-198
PR0440,P0277,42,2023-12-17,2024-08-28,Campaign_440,Seasonal,255
PR0441,P0286,6,2023-04-18,2024-06-07,Campaign_441,Festival,416
PR0442,P0097,11,2024-08-08,2024-08-14,Campaign_442,Seasonal,6
PR0443,P0284,22,2023-02-08,2024-05-13,Campaign_443,Flash Sale,460
PR0444,P0367,31,2023-06-08,2024-11-21,Campaign_444,Bogo,532
PR0445,P0448,38,2024-08-05,2023-12-21,Campaign_445,Clearance,-228
PR0446,P0481,31,2023-11-08,2023-11-30,Campaign_446,Flash Sale,22
PR0447,P0453,21,2023-08-29,2023-11-02,Campaign_447,Clearance,65
PR0448,P0317,47,2024-03-20,2024-12-14,Campaign_448,Festival,269
PR0449,P0304,48,2023-10-25,2023-08-19,Campaign_449,Festival,-67
PR0450,P0147,28,2023-02-05,2024-04-19,Campaign_450,Festival,439
PR0451,P0004,29,2023-03-25,2023-12-20,Campaign_451,Clearance,270
PR0452,P0035,11,2024-03-27,2023-03-06,Campaign_452,Flash Sale,-387
PR0453,P0192,10,2024-01-20,2024-05-26,Campaign_453,Festival,127
PR0454,P0049,28,2023-06-21,2025-01-27,Campaign_454,Flash Sale,586
PR0455,P0017,37,2024-01-11,2024-05-24,Campaign_455,Clearance,134
PR0456,P0172,33,2024-11-15,2023-04-05,Campaign_456,Flash Sale,-590
PR0457,P0220,47,2023-12-28,2023-02-07,Campaign_457,Clearance,-324
PR0458,P0158,26,2024-07-12,2023-11-27,Campaign_458,Clearance,-228
PR0459,P0477,30,2023-05-21,2024-01-08,Campaign_459,Bogo,232
PR0460,P0046,32,2023-04-28,2024-04-05,Campaign_460,Clearance,343
PR0461,P0373,25,2023-10-04,2024-03-29,Campaign_461,Clearance,177
PR0462,P0006,11,2024-12-26,2023-12-28,Campaign_462,Seasonal,-364
PR0463,P0099,21,2023-08-08,2024-04-12,Campaign_463,Festival,248
PR0464,P0380,24,2023-01-26,2024-09-09,Campaign_464,Bogo,592
PR0465,P0233,45,2024-06-04,2023-07-23,Campaign_465,Bogo,-317
PR0466,P0037,24,2023-01-10,2024-08-11,Campaign_466,Bogo,579
PR0467,P0280,26,2024-01-13,2024-07-10,Campaign_467,Seasonal,179
PR0468,P0349,32,2024-09-24,2024-11-19,Campaign_468,Clearance,56
PR0469,P0497,44,2024-09-28,2023-02-25,Campaign_469,Festival,-581
PR0470,P0302,11,2024-11-12,2024-09-26,Campaign_470,Flash Sale,-47
PR0471,P0181,5,2024-08-06,2024-03-11,Campaign_471,Clearance,-148
PR0472,P0095,36,2023-06-01,2023-09-19,Campaign_472,Seasonal,110
PR0473,P0099,17,2024-12-20,2024-07-16,Campaign_473,Clearance,-157
PR0474,P0188,34,2023-02-18,2024-08-02,Campaign_474,Clearance,531
PR0475,P0481,27,2023-06-03,2024-06-18,Campaign_475,Seasonal,381
PR0476,P0116,23,2023-10-20,2024-11-29,Campaign_476,Bogo,406
PR0477,P0191,36,2024-08-02,2023-07-28,Campaign_477,Bogo,-371
PR0478,P0253,34,2023-02-19,2023-06-11,Campaign_478,Festival,112
PR0479,P0469,33,2024-10-25,2024-04-29,Campaign_479,Festival,-179
PR0480,P0416,49,2024-06-14,2024-01-13,Campaign_480,Bogo,-153
PR0481,P0471,33,2024-09-03,2024-07-23,Campaign_481,Flash Sale,-42
PR0482,P0161,34,2023-03-01,2024-03-11,Campaign_482,Clearance,376
PR0483,P0256,20,2023-06-16,2023-04-16,Campaign_483,Flash Sale,-61
PR0484,P0323,44,2023-07-21,2024-08-31,Campaign_484,Clearance,407
PR0485,P0128,23,2023-05-26,2024-06-05,Campaign_485,Bogo,376
PR0486,P0018,22,2024-11-06,2023-08-12,Campaign_486,Festival,-452
PR0487,P0281,5,2024-03-14,2023-07-11,Campaign_487,Festival,-247
PR0488,P0490,18,2023-08-30,2024-01-12,Campaign_488,Flash Sale,135
PR0489,P0223,6,2024-08-03,2024-01-26,Campaign_489,Festival,-190
PR0490,P0054,32,2024-11-17,2024-09-05,Campaign_490,Bogo,-73
PR0491,P0058,34,2024-07-14,2023-04-27,Campaign_491,Flash Sale,-444
PR0492,P0323,42,2024-04-27,2023-10-19,Campaign_492,Clearance,-191
PR0493,P0360,8,2023-04-18,2023-09-01,Campaign_493,Festival,136
PR0494,P0174,5,2023-08-14,2024-11-25,Campaign_494,Seasonal,469
PR0495,P0280,12,2024-11-03,2025-01-21,Campaign_495,Festival,79
PR0496,P0114,33,2024-09-22,2024-08-25,Campaign_496,Clearance,-28
PR0497,P0288,43,2024-10-22,2023-10-19,Campaign_497,Flash Sale,-369
PR0498,P0431,7,2024-10-23,2025-01-29,Campaign_498,Clearance,98
PR0499,P0342,36,2024-03-07,2023-11-09,Campaign_499,Seasonal,-119
PR0500,P0151,14,2024-10-16,2024-11-08,Campaign_500,Bogo,23
PR0501,P0450,14,2024-02-23,2024-05-11,Campaign_501,Festival,78
PR0502,P0127,23,2024-03-30,2024-02-14,Campaign_502,Flash Sale,-45
PR0503,P0155,50,2023-06-09,2024-01-27,Campaign_503,Bogo,232
PR0504,P0490,38,2024-06-06,2024-04-23,Campaign_504,Clearance,-44
PR0505,P0386,37,2024-10-11,2024-04-15,Campaign_505,Flash Sale,-179
PR0506,P0474,27,2024-08-12,2023-05-03,Campaign_506,Bogo,-467
PR0507,P0273,32,2023-03-18,2024-10-12,Campaign_507,Flash Sale,574
PR0508,P0104,36,2024-05-23,2024-03-29,Campaign_508,Seasonal,-55
PR0509,P0417,11,2024-03-16,2023-06-21,Campaign_509,Seasonal,-269
PR0510,P0393,33,2023-09-11,2023-11-17,Campaign_510,Festival,67
PR0511,P0299,12,2023-11-16,2024-04-06,Campaign_511,Festival,142
PR0512,P0246,5,2023-09-20,2024-12-19,Campaign_512,Seasonal,456
PR0513,P0176,7,2024-08-19,2024-11-13,Campaign_513,Flash Sale,86
PR0514,P0039,28,2024-10-19,2024-12-31,Campaign_514,Seasonal,73
PR0515,P0477,27,2024-07-07,2023-03-20,Campaign_515,Festival,-475
PR0516,P0170,12,2024-01-09,2023-11-28,Campaign_516,Seasonal,-42
PR0517,P0247,41,2024-09-28,2023-08-08,Campaign_517,Seasonal,-417
PR0518,P0026,7,2023-06-16,2023-06-15,Campaign_518,Flash Sale,-1
PR0519,P0355,37,2024-04-03,2024-08-07,Campaign_519,Bogo,126
PR0520,P0306,32,2023-10-07,2024-03-09,Campaign_520,Festival,154
PR0521,P0409,12,2024-11-30,2024-09-23,Campaign_521,Flash Sale,-68
PR0522,P0408,38,2023-10-29,2024-01-06,Campaign_522,Seasonal,69
PR0523,P0013,39,2024-06-14,2025-01-03,Campaign_523,Seasonal,203
PR0524,P0316,36,2024-08-02,2023-12-14,Campaign_524,Bogo,-232
PR0525,P0391,28,2023-08-06,2024-10-09,Campaign_525,Festival,430
PR0526,P0313,18,2023-04-12,2024-01-28,Campaign_526,Festival,291
PR0527,P0036,36,2024-07-07,2024-02-16,Campaign_527,Clearance,-142
PR0528,P0173,50,2023-10-15,2023-09-20,Campaign_528,Festival,-25
PR0529,P0020,47,2023-06-16,2024-01-09,Campaign_529,Bogo,207
PR0530,P0321,20,2024-09-12,2024-08-01,Campaign_530,Clearance,-42
PR0531,P0264,8,2023-02-05,2024-08-05,Campaign_531,Clearance,547
PR0532,P0494,41,2023-12-19,2024-07-12,Campaign_532,Seasonal,206
PR0533,P0400,25,2024-11-06,2024-08-23,Campaign_533,Seasonal,-75
PR0534,P0142,18,2023-03-14,2023-08-01,Campaign_534,Festival,140
PR0535,P0460,35,2024-10-09,2023-03-12,Campaign_535,Clearance,-577
PR0536,P0371,22,2023-12-19,2024-08-03,Campaign_536,Seasonal,228
PR0537,P0471,11,2023-03-11,2024-03-02,Campaign_537,Bogo,357
PR0538,P0143,14,2024-02-29,2025-01-03,Campaign_538,Seasonal,309
PR0539,P0092,11,2024-12-08,2024-06-07,Campaign_539,Seasonal,-184
PR0540,P0354,37,2024-07-14,2024-11-19,Campaign_540,Clearance,128
PR0541,P0322,27,2024-10-03,2023-12-29,Campaign_541,Clearance,-279
PR0542,P0288,25,2024-05-31,2023-06-06,Campaign_542,Flash Sale,-360
PR0543,P0215,23,2024-03-03,2024-08-10,Campaign_543,Bogo,160
PR0544,P0447,23,2024-06-22,2024-08-09,Campaign_544,Clearance,48
PR0545,P0342,40,2023-06-09,2023-01-31,Campaign_545,Festival,-129
PR0546,P0051,33,2023-05-29,2023-07-17,Campaign_546,Bogo,49
PR0547,P0153,22,2023-08-18,2024-10-11,Campaign_547,Bogo,420
PR0548,P0186,6,2024-12-12,2023-02-18,Campaign_548,Clearance,-663
PR0549,P0063,5,2024-07-15,2023-12-28,Campaign_549,Bogo,-200
PR0550,P0190,9,2023-03-08,2024-09-05,Campaign_550,Clearance,547
PR0551,P0125,24,2024-01-16,2024-04-30,Campaign_551,Seasonal,105
PR0552,P0150,15,2023-02-27,2023-05-19,Campaign_552,Flash Sale,81
PR0553,P0314,46,2023-09-16,2023-10-25,Campaign_553,Seasonal,39
PR0554,P0058,6,2023-12-08,2024-04-19,Campaign_554,Clearance,133
PR0555,P0342,7,2023-05-10,2023-09-27,Campaign_555,Clearance,140
PR0556,P0305,27,2024-12-27,2023-11-27,Campaign_556,Seasonal,-396
PR0557,P0180,16,2023-06-21,2024-09-23,Campaign_557,Festival,460
PR0558,P0170,24,2024-09-05,2023-05-13,Campaign_558,Festival,-481
PR0559,P0326,9,2023-07-28,2023-10-07,Campaign_559,Festival,71
PR0560,P0271,41,2023-12-20,2024-04-27,Campaign_560,Clearance,129
PR0561,P0054,42,2024-04-15,2024-07-03,Campaign_561,Bogo,79
PR0562,P0491,34,2023-04-26,2023-07-02,Campaign_562,Clearance,67
PR0563,P0444,13,2023-09-21,2023-07-23,Campaign_563,Bogo,-60
PR0564,P0101,38,2024-10-23,2024-01-08,Campaign_564,Seasonal,-289
PR0565,P0481,48,2024-03-17,2024-11-30,Campaign_565,Flash Sale,258
PR0566,P0264,39,2024-07-01,2024-04-05,Campaign_566,Bogo,-87
PR0567,P0053,26,2024-03-28,2025-01-26,Campaign_567,Festival,304
PR0568,P0060,48,2024-04-21,2024-12-19,Campaign_568,Clearance,242
PR0569,P0492,28,2023-10-14,2024-12-17,Campaign_569,Seasonal,430
PR0570,P0108,21,2023-10-30,2024-11-18,Campaign_570,Festival,385
PR0571,P0005,14,2023-11-07,2023-12-20,Campaign_571,Seasonal,43
PR0572,P0103,34,2023-07-27,2024-12-03,Campaign_572,Flash Sale,495
PR0573,P0196,50,2024-09-09,2024-10-30,Campaign_573,Clearance,51
PR0574,P0262,27,2024-03-21,2024-03-25,Campaign_574,Clearance,4
PR0575,P0365,36,2024-10-31,2024-09-15,Campaign_575,Flash Sale,-46
PR0576,P0480,21,2024-09-24,2024-05-29,Campaign_576,Clearance,-118
PR0577,P0372,21,2023-02-24,2024-11-19,Campaign_577,Bogo,634
PR0578,P0350,18,2023-01-12,2024-03-17,Campaign_578,Seasonal,430
PR0579,P0047,13,2024-10-18,2023-04-24,Campaign_579,Festival,-543
PR0580,P0355,44,2024-02-04,2023-05-23,Campaign_580,Flash Sale,-257
PR0581,P0311,6,2024-10-09,2023-12-28,Campaign_581,Bogo,-286
PR0582,P0424,49,2024-05-29,2024-02-12,Campaign_582,Festival,-107
PR0583,P0308,29,2024-10-17,2024-11-15,Campaign_583,Festival,29
PR0584,P0144,43,2024-06-25,2023-03-12,Campaign_584,Flash Sale,-471
PR0585,P0269,13,2023-08-25,2023-05-15,Campaign_585,Bogo,-102
PR0586,P0370,26,2023-10-06,2023-08-20,Campaign_586,Festival,-47
PR0587,P0124,47,2023-12-14,2024-04-24,Campaign_587,Festival,132
PR0588,P0106,50,2024-09-18,2023-10-23,Campaign_588,Bogo,-331
PR0589,P0158,8,2023-04-14,2023-08-28,Campaign_589,Clearance,136
PR0590,P0147,30,2024-09-21,2024-08-15,Campaign_590,Festival,-37
PR0591,P0145,33,2024-05-31,2023-05-28,Campaign_591,Seasonal,-369
PR0592,P0120,49,2023-09-05,2025-01-12,Campaign_592,Bogo,495
PR0593,P0319,38,2023-12-30,2024-02-11,Campaign_593,Festival,43
PR0594,P0275,27,2023-11-17,2024-08-03,Campaign_594,Flash Sale,260
PR0595,P0092,41,2024-09-24,2024-07-23,Campaign_595,Seasonal,-63
PR0596,P0058,15,2023-10-13,2023-04-24,Campaign_596,Festival,-172
PR0597,P0439,10,2023-05-29,2024-04-28,Campaign_597,Seasonal,335
PR0598,P0346,22,2023-03-25,2024-11-27,Campaign_598,Seasonal,613
PR0599,P0229,25,2024-02-10,2024-10-20,Campaign_599,Clearance,253
PR0600,P0474,46,2024-03-31,2024-06-27,Campaign_600,Seasonal,88
PR0601,P0117,40,2023-06-10,2024-09-26,Campaign_601,Clearance,474
PR0602,P0318,45,2024-04-04,2024-12-08,Campaign_602,Bogo,248
PR0603,P0279,42,2024-07-03,2024-02-21,Campaign_603,Clearance,-133
PR0604,P0127,38,2024-05-14,2024-01-15,Campaign_604,Flash Sale,-120
PR0605,P0393,21,2024-05-23,2023-11-22,Campaign_605,Festival,-183
PR0606,P0396,41,2024-10-15,2023-10-15,Campaign_606,Bogo,-366
PR0607,P0129,29,2024-04-25,2023-04-21,Campaign_607,Bogo,-370
PR0608,P0058,42,2024-10-24,2023-10-25,Campaign_608,Flash Sale,-365
PR0609,P0122,16,2023-04-24,2024-03-24,Campaign_609,Clearance,335
PR0610,P0001,27,2024-07-31,2023-09-22,Campaign_610,Festival,-313
PR0611,P0239,46,2023-12-27,2023-12-07,Campaign_611,Clearance,-20
PR0612,P0290,26,2023-12-07,2024-01-22,Campaign_612,Seasonal,46
PR0613,P0096,25,2024-03-24,2023-08-31,Campaign_613,Clearance,-206
PR0614,P0126,31,2023-06-29,2024-08-26,Campaign_614,Bogo,424
PR0615,P0118,35,2024-12-02,2023-03-20,Campaign_615,Festival,-623
PR0616,P0048,10,2024-02-11,2023-06-06,Campaign_616,Clearance,-250
PR0617,P0089,31,2024-10-27,2023-09-10,Campaign_617,Festival,-413
PR0618,P0488,44,2023-07-15,2023-11-05,Campaign_618,Festival,113
PR0619,P0237,38,2024-04-10,2024-03-13,Campaign_619,Seasonal,-28
PR0620,P0373,16,2023-11-07,2024-06-18,Campaign_620,Seasonal,224
PR0621,P0385,49,2023-09-19,2023-11-20,Campaign_621,Bogo,62
PR0622,P0272,11,2024-02-23,2023-11-03,Campaign_622,Flash Sale,-112
PR0623,P0189,14,2024-02-10,2024-04-12,Campaign_623,Festival,62
PR0624,P0487,49,2023-05-23,2023-05-17,Campaign_624,Flash Sale,-6
PR0625,P0192,21,2023-12-08,2024-11-18,Campaign_625,Bogo,346
PR0626,P0447,30,2023-11-12,2024-03-25,Campaign_626,Festival,134
PR0627,P0069,25,2023-04-11,2024-10-02,Campaign_627,Festival,540
PR0628,P0278,32,2023-09-01,2024-04-03,Campaign_628,Flash Sale,215
PR0629,P0349,50,2024-05-04,2024-02-09,Campaign_629,Clearance,-85
PR0630,P0247,6,2023-01-12,2023-04-13,Campaign_630,Seasonal,91
PR0631,P0451,47,2023-08-27,2024-10-25,Campaign_631,Clearance,425
PR0632,P0076,5,2024-07-14,2023-03-01,Campaign_632,Flash Sale,-501
PR0633,P0154,40,2023-02-11,2023-08-06,Campaign_633,Seasonal,176
PR0634,P0144,30,2024-11-08,2024-01-29,Campaign_634,Clearance,-284
PR0635,P0435,33,2024-08-16,2024-04-25,Campaign_635,Seasonal,-113
PR0636,P0485,25,2024-03-04,2023-08-13,Campaign_636,Festival,-204
PR0637,P0086,15,2023-06-07,2023-07-05,Campaign_637,Clearance,28
PR0638,P0185,44,2023-08-04,2023-07-21,Campaign_638,Seasonal,-14
PR0639,P0285,15,2024-10-31,2023-03-12,Campaign_639,Seasonal,-599
PR0640,P0462,40,2024-04-06,2023-04-03,Campaign_640,Seasonal,-369
PR0641,P0220,43,2023-05-14,2023-02-22,Campaign_641,Clearance,-81
PR0642,P0069,44,2023-03-08,2024-01-25,Campaign_642,Bogo,323
PR0643,P0047,39,2023-01-07,2023-04-15,Campaign_643,Clearance,98
PR0644,P0497,38,2024-06-09,2024-08-12,Campaign_644,Flash Sale,64
PR0645,P0094,28,2023-03-14,2024-12-02,Campaign_645,Clearance,629
PR0646,P0238,26,2024-02-03,2023-05-28,Campaign_646,Seasonal,-251
PR0647,P0446,9,2024-02-09,2024-10-03,Campaign_647,Festival,237
PR0648,P0500,37,2024-11-05,2024-02-14,Campaign_648,Clearance,-265
PR0649,P0453,40,2024-07-31,2024-12-09,Campaign_649,Clearance,131
PR0650,P0204,24,2023-05-10,2023-11-16,Campaign_650,Seasonal,190
PR0651,P0400,23,2024-04-10,2024-04-14,Campaign_651,Festival,4
PR0652,P0218,39,2023-07-25,2024-11-28,Campaign_652,Festival,492
PR0653,P0474,47,2023-09-23,2023-02-06,Campaign_653,Flash Sale,-229
PR0654,P0432,21,2024-06-20,2023-08-14,Campaign_654,Clearance,-311
PR0655,P0341,49,2023-09-10,2024-03-26,Campaign_655,Festival,198
PR0656,P0039,47,2023-10-16,2024-08-20,Campaign_656,Festival,309
PR0657,P0100,38,2023-06-13,2023-08-11,Campaign_657,Bogo,59
PR0658,P0289,13,2023-04-05,2024-08-11,Campaign_658,Bogo,494
PR0659,P0254,30,2023-04-20,2023-06-27,Campaign_659,Festival,68
PR0660,P0222,6,2023-12-02,2024-11-29,Campaign_660,Flash Sale,363
PR0661,P0357,13,2023-08-26,2023-08-20,Campaign_661,Festival,-6
PR0662,P0023,13,2024-01-16,2024-04-18,Campaign_662,Seasonal,93
PR0663,P0250,44,2024-03-11,2024-03-24,Campaign_663,Clearance,13
PR0664,P0010,21,2024-04-27,2024-04-01,Campaign_664,Flash Sale,-26
PR0665,P0246,5,2023-01-25,2024-05-23,Campaign_665,Seasonal,484
PR0666,P0325,29,2024-10-14,2024-05-19,Campaign_666,Flash Sale,-148
PR0667,P0100,47,2023-04-27,2023-06-05,Campaign_667,Seasonal,39
PR0668,P0290,44,2024-04-26,2024-02-29,Campaign_668,Clearance,-57
PR0669,P0180,46,2024-01-27,2024-08-28,Campaign_669,Clearance,214
PR0670,P0223,29,2024-06-20,2023-12-21,Campaign_670,Bogo,-182
PR0671,P0394,43,2023-03-20,2024-02-26,Campaign_671,Seasonal,343
PR0672,P0250,39,2024-08-02,2024-12-18,Campaign_672,Bogo,138
PR0673,P0147,7,2023-06-22,2024-10-19,Campaign_673,Seasonal,485
PR0674,P0442,41,2023-01-12,2024-04-14,Campaign_674,Bogo,458
PR0675,P0096,48,2023-05-08,2023-08-22,Campaign_675,Clearance,106
PR0676,P0257,48,2024-08-30,2024-05-30,Campaign_676,Flash Sale,-92
PR0677,P0325,34,2023-04-02,2023-03-02,Campaign_677,Bogo,-31
PR0678,P0493,42,2024-10-14,2024-02-22,Campaign_678,Seasonal,-235
PR0679,P0004,38,2024-06-26,2024-10-16,Campaign_679,Seasonal,112
PR0680,P0016,16,2024-06-15,2024-04-08,Campaign_680,Clearance,-68
PR0681,P0280,23,2024-10-19,2024-02-10,Campaign_681,Seasonal,-252
PR0682,P0336,41,2024-03-22,2024-01-09,Campaign_682,Festival,-73
PR0683,P0247,48,2024-01-25,2024-04-17,Campaign_683,Flash Sale,83
PR0684,P0258,21,2024-11-02,2024-08-31,Campaign_684,Bogo,-63
PR0685,P0497,14,2023-02-12,2023-04-15,Campaign_685,Flash Sale,62
PR0686,P0476,16,2023-09-11,2024-08-09,Campaign_686,Clearance,333
PR0687,P0384,20,2023-05-10,2024-11-26,Campaign_687,Bogo,566
PR0688,P0160,28,2023-03-01,2023-07-04,Campaign_688,Bogo,125
PR0689,P0475,23,2024-10-24,2024-04-04,Campaign_689,Festival,-203
PR0690,P0340,12,2024-04-11,2024-01-28,Campaign_690,Clearance,-74
PR0691,P0152,35,2023-10-14,2024-04-22,Campaign_691,Seasonal,191
PR0692,P0396,25,2024-05-31,2023-09-21,Campaign_692,Festival,-253
PR0693,P0178,21,2024-04-11,2024-08-15,Campaign_693,Festival,126
PR0694,P0163,27,2023-12-11,2023-10-19,Campaign_694,Flash Sale,-53
PR0695,P0380,41,2024-10-03,2023-06-04,Campaign_695,Flash Sale,-487
PR0696,P0033,20,2024-01-17,2023-10-02,Campaign_696,Flash Sale,-107
PR0697,P0417,10,2024-11-20,2024-07-25,Campaign_697,Festival,-118
PR0698,P0445,12,2023-09-10,2024-05-29,Campaign_698,Seasonal,262
PR0699,P0179,29,2023-02-25,2023-06-01,Campaign_699,Bogo,96
PR0700,P0427,22,2024-04-07,2023-06-04,Campaign_700,Flash Sale,-308
PR0701,P0101,29,2024-04-01,2024-08-01,Campaign_701,Seasonal,122
PR0702,P0268,16,2023-03-24,2023-07-19,Campaign_702,Clearance,117
PR0703,P0323,19,2023-04-09,2023-06-03,Campaign_703,Flash Sale,55
PR0704,P0065,30,2023-05-29,2023-03-06,Campaign_704,Bogo,-84
PR0705,P0417,45,2023-11-25,2023-04-27,Campaign_705,Clearance,-212
PR0706,P0168,49,2023-06-05,2024-11-06,Campaign_706,Clearance,520
PR0707,P0330,30,2023-07-09,2025-01-07,Campaign_707,Bogo,548
PR0708,P0043,36,2024-05-08,2023-08-19,Campaign_708,Flash Sale,-263
PR0709,P0044,14,2023-09-20,2024-02-03,Campaign_709,Festival,136
PR0710,P0285,20,2023-03-21,2023-04-17,Campaign_710,Bogo,27
PR0711,P0397,11,2024-02-04,2023-03-30,Campaign_711,Bogo,-311
PR0712,P0012,21,2024-08-31,2024-04-05,Campaign_712,Bogo,-148
PR0713,P0095,27,2023-09-17,2024-10-29,Campaign_713,Clearance,408
PR0714,P0302,30,2024-09-06,2024-06-13,Campaign_714,Seasonal,-85
PR0715,P0386,25,2024-07-05,2023-05-19,Campaign_715,Festival,-413
PR0716,P0253,26,2023-04-11,2023-11-04,Campaign_716,Flash Sale,207
PR0717,P0499,11,2023-12-25,2023-04-08,Campaign_717,Flash Sale,-261
PR0718,P0242,18,2024-01-15,2023-04-09,Campaign_718,Seasonal,-281
PR0719,P0035,19,2023-08-09,2023-07-14,Campaign_719,Bogo,-26
PR0720,P0215,11,2024-02-24,2024-06-02,Campaign_720,Festival,99
PR0721,P0337,13,2023-05-04,2023-12-01,Campaign_721,Flash Sale,211
PR0722,P0090,12,2024-02-26,2024-12-04,Campaign_722,Flash Sale,282
PR0723,P0264,27,2023-08-19,2024-01-30,Campaign_723,Bogo,164
PR0724,P0093,33,2024-11-20,2024-02-13,Campaign_724,Seasonal,-281
PR0725,P0410,22,2023-03-04,2024-01-08,Campaign_725,Festival,310
PR0726,P0458,35,2024-04-29,2024-08-06,Campaign_726,Seasonal,99
PR0727,P0090,34,2024-09-19,2024-01-19,Campaign_727,Seasonal,-244
PR0728,P0418,43,2024-12-03,2024-03-21,Campaign_728,Festival,-257
PR0729,P0115,39,2024-07-27,2023-05-19,Campaign_729,Festival,-435
PR0730,P0105,22,2024-04-27,2024-08-15,Campaign_730,Flash Sale,110
PR0731,P0391,46,2024-06-02,2024-06-10,Campaign_731,Flash Sale,8
PR0732,P0196,43,2023-06-04,2024-01-06,Campaign_732,Festival,216
PR0733,P0314,21,2023-04-02,2024-02-17,Campaign_733,Clearance,321
PR0734,P0114,18,2024-06-09,2024-07-16,Campaign_734,Flash Sale,37
PR0735,P0493,35,2024-03-30,2023-11-26,Campaign_735,Clearance,-125
PR0736,P0075,28,2024-08-20,2023-06-18,Campaign_736,Festival,-429
PR0737,P0413,39,2024-10-06,2024-01-24,Campaign_737,Flash Sale,-256
PR0738,P0376,48,2024-05-24,2024-06-12,Campaign_738,Seasonal,19
PR0739,P0420,49,2023-07-02,2024-02-19,Campaign_739,Festival,232
PR0740,P0217,38,2024-01-21,2024-09-25,Campaign_740,Bogo,248
PR0741,P0277,7,2024-07-27,2023-11-06,Campaign_741,Clearance,-264
PR0742,P0249,41,2024-02-09,2024-10-28,Campaign_742,Festival,262
PR0743,P0164,47,2023-09-03,2024-05-27,Campaign_743,Festival,267
PR0744,P0394,44,2024-08-13,2023-05-21,Campaign_744,Flash Sale,-450
PR0745,P0357,30,2024-10-22,2023-06-18,Campaign_745,Flash Sale,-492
PR0746,P0457,27,2024-10-11,2024-04-09,Campaign_746,Flash Sale,-185
PR0747,P0408,48,2024-04-15,2024-06-22,Campaign_747,Bogo,68
PR0748,P0192,43,2024-02-27,2023-10-30,Campaign_748,Flash Sale,-120
PR0749,P0227,19,2023-03-06,2023-05-09,Campaign_749,Festival,64
PR0750,P0177,8,2023-01-13,2023-05-14,Campaign_750,Flash Sale,121
PR0751,P0099,33,2023-08-01,2023-09-01,Campaign_751,Seasonal,31
PR0752,P0496,26,2023-08-30,2024-11-24,Campaign_752,Flash Sale,452
PR0753,P0036,29,2024-05-07,2023-07-14,Campaign_753,Bogo,-298
PR0754,P0466,17,2023-08-01,2024-07-03,Campaign_754,Seasonal,337
PR0755,P0497,22,2024-11-23,2023-11-10,Campaign_755,Festival,-379
PR0756,P0487,37,2023-12-04,2024-06-30,Campaign_756,Festival,209
PR0757,P0096,20,2023-06-22,2024-11-17,Campaign_757,Clearance,514
PR0758,P0152,49,2024-11-02,2024-10-04,Campaign_758,Seasonal,-29
PR0759,P0151,46,2023-06-13,2023-07-13,Campaign_759,Clearance,30
PR0760,P0190,48,2024-04-09,2024-11-19,Campaign_760,Seasonal,224
PR0761,P0224,6,2024-05-11,2023-04-04,Campaign_761,Seasonal,-403
PR0762,P0037,39,2024-11-30,2023-05-01,Campaign_762,Bogo,-579
PR0763,P0268,46,2024-01-30,2023-05-27,Campaign_763,Clearance,-248
PR0764,P0369,38,2024-12-03,2023-10-24,Campaign_764,Bogo,-406
PR0765,P0183,34,2023-11-04,2024-12-15,Campaign_765,Seasonal,407
PR0766,P0013,17,2023-07-02,2024-08-11,Campaign_766,Festival,406
PR0767,P0279,17,2024-09-20,2023-06-19,Campaign_767,Seasonal,-459
PR0768,P0217,22,2024-05-24,2023-10-03,Campaign_768,Bogo,-234
PR0769,P0355,36,2024-12-08,2024-11-21,Campaign_769,Clearance,-17
PR0770,P0361,36,2024-06-29,2024-02-29,Campaign_770,Clearance,-121
PR0771,P0286,39,2024-07-17,2024-05-31,Campaign_771,Bogo,-47
PR0772,P0273,43,2024-09-15,2024-05-20,Campaign_772,Clearance,-118
PR0773,P0369,50,2024-08-16,2024-06-30,Campaign_773,Flash Sale,-47
PR0774,P0062,33,2023-08-15,2023-08-02,Campaign_774,Festival,-13
PR0775,P0084,33,2024-03-11,2023-02-19,Campaign_775,Festival,-386
PR0776,P0368,48,2024-02-26,2024-08-10,Campaign_776,Festival,166
PR0777,P0217,20,2024-07-07,2024-07-07,Campaign_777,Clearance,0
PR0778,P0342,48,2023-01-21,2024-09-03,Campaign_778,Clearance,591
PR0779,P0397,14,2024-07-07,2024-07-12,Campaign_779,Seasonal,5
PR0780,P0187,34,2024-02-01,2023-06-26,Campaign_780,Seasonal,-220
PR0781,P0019,29,2024-09-16,2024-11-26,Campaign_781,Festival,71
PR0782,P0177,43,2023-04-15,2023-11-30,Campaign_782,Flash Sale,229
PR0783,P0100,24,2023-07-11,2024-10-11,Campaign_783,Seasonal,458
PR0784,P0396,9,2023-01-17,2024-09-03,Campaign_784,Seasonal,595
PR0785,P0445,5,2023-04-30,2024-12-25,Campaign_785,Clearance,605
PR0786,P0233,34,2024-01-28,2023-09-15,Campaign_786,Flash Sale,-135
PR0787,P0403,7,2024-02-29,2023-05-12,Campaign_787,Festival,-293
PR0788,P0076,49,2023-05-09,2024-09-08,Campaign_788,Seasonal,488
PR0789,P0265,18,2023-05-10,2024-03-22,Campaign_789,Flash Sale,317
PR0790,P0455,34,2024-07-25,2023-09-03,Campaign_790,Flash Sale,-326
PR0791,P0284,8,2024-07-13,2024-03-12,Campaign_791,Festival,-123
PR0792,P0206,22,2023-01-29,2024-03-04,Campaign_792,Flash Sale,400
PR0793,P0223,41,2023-04-07,2025-01-14,Campaign_793,Flash Sale,648
PR0794,P0384,29,2023-01-10,2025-01-03,Campaign_794,Flash Sale,724
PR0795,P0052,5,2023-08-30,2024-06-12,Campaign_795,Seasonal,287
PR0796,P0339,50,2023-08-20,2024-05-09,Campaign_796,Festival,263
PR0797,P0367,19,2023-10-11,2024-12-21,Campaign_797,Flash Sale,437
PR0798,P0144,13,2024-12-15,2023-04-22,Campaign_798,Flash Sale,-603
PR0799,P0373,19,2024-12-26,2024-09-25,Campaign_799,Seasonal,-92
PR0800,P0069,28,2023-07-19,2024-12-17,Campaign_800,Festival,517
PR0801,P0099,8,2023-03-20,2024-01-30,Campaign_801,Clearance,316
PR0802,P0396,16,2023-06-22,2023-07-12,Campaign_802,Seasonal,20
PR0803,P0025,41,2024-04-11,2023-03-19,Campaign_803,Festival,-389
PR0804,P0436,41,2024-08-03,2024-06-24,Campaign_804,Flash Sale,-40
PR0805,P0379,47,2024-02-20,2023-12-25,Campaign_805,Festival,-57
PR0806,P0469,10,2024-03-24,2023-05-26,Campaign_806,Festival,-303
PR0807,P0484,43,2023-03-28,2024-01-02,Campaign_807,Festival,280
PR0808,P0053,50,2023-04-11,2023-06-26,Campaign_808,Clearance,76
PR0809,P0151,28,2023-01-08,2024-08-27,Campaign_809,Festival,597
PR0810,P0144,15,2023-07-19,2023-12-19,Campaign_810,Clearance,153
PR0811,P0057,17,2024-05-19,2024-04-17,Campaign_811,Flash Sale,-32
PR0812,P0039,38,2023-03-28,2023-02-12,Campaign_812,Clearance,-44
PR0813,P0109,29,2023-02-12,2024-06-07,Campaign_813,Flash Sale,481
PR0814,P0181,11,2024-01-20,2024-12-31,Campaign_814,Flash Sale,346
PR0815,P0042,8,2024-09-12,2023-11-13,Campaign_815,Clearance,-304
PR0816,P0186,12,2024-03-10,2025-01-19,Campaign_816,Seasonal,315
PR0817,P0423,24,2024-02-12,2023-05-24,Campaign_817,Bogo,-264
PR0818,P0398,33,2024-04-27,2024-05-24,Campaign_818,Festival,27
PR0819,P0223,49,2024-10-25,2023-02-21,Campaign_819,Bogo,-612
PR0820,P0122,50,2023-01-17,2024-01-14,Campaign_820,Festival,362
PR0821,P0133,14,2024-10-06,2025-01-25,Campaign_821,Festival,111
PR0822,P0163,47,2023-05-28,2024-12-13,Campaign_822,Flash Sale,565
PR0823,P0215,38,2023-10-04,2024-08-18,Campaign_823,Festival,319
PR0824,P0221,30,2023-08-20,2023-12-16,Campaign_824,Festival,118
PR0825,P0235,45,2024-01-01,2023-06-05,Campaign_825,Clearance,-210
PR0826,P0331,7,2023-08-16,2023-11-03,Campaign_826,Bogo,79
PR0827,P0146,10,2024-10-12,2023-08-22,Campaign_827,Clearance,-417
PR0828,P0239,9,2024-03-11,2023-08-12,Campaign_828,Festival,-212
PR0829,P0076,9,2024-02-03,2024-12-11,Campaign_829,Flash Sale,312
PR0830,P0009,27,2023-07-30,2024-11-24,Campaign_830,Clearance,483
PR0831,P0074,13,2024-01-26,2024-07-30,Campaign_831,Clearance,186
PR0832,P0442,39,2024-05-13,2024-12-26,Campaign_832,Seasonal,227
PR0833,P0492,24,2024-06-23,2023-11-12,Campaign_833,Festival,-224
PR0834,P0401,46,2024-07-16,2023-03-28,Campaign_834,Flash Sale,-476
PR0835,P0253,39,2024-05-05,2023-11-29,Campaign_835,Clearance,-158
PR0836,P0230,22,2024-03-17,2023-07-12,Campaign_836,Clearance,-249
PR0837,P0007,21,2023-09-18,2023-02-18,Campaign_837,Flash Sale,-212
PR0838,P0174,28,2023-12-16,2024-02-04,Campaign_838,Festival,50
PR0839,P0141,7,2023-12-18,2023-10-21,Campaign_839,Seasonal,-58
PR0840,P0168,36,2024-06-03,2023-05-23,Campaign_840,Clearance,-377
PR0841,P0170,39,2023-11-16,2024-06-01,Campaign_841,Seasonal,198
PR0842,P0393,42,2023-05-18,2023-12-23,Campaign_842,Bogo,219
PR0843,P0434,17,2024-07-03,2024-07-25,Campaign_843,Festival,22
PR0844,P0283,29,2024-09-14,2024-11-07,Campaign_844,Bogo,54
PR0845,P0122,13,2024-01-03,2024-08-31,Campaign_845,Bogo,241
PR0846,P0194,8,2023-08-08,2023-04-05,Campaign_846,Bogo,-125
PR0847,P0005,18,2023-12-03,2023-11-18,Campaign_847,Festival,-15
PR0848,P0029,41,2023-08-11,2023-02-24,Campaign_848,Festival,-168
PR0849,P0165,38,2024-10-09,2024-08-01,Campaign_849,Flash Sale,-69
PR0850,P0422,15,2023-12-26,2023-01-31,Campaign_850,Seasonal,-329
PR0851,P0339,45,2023-11-25,2024-08-01,Campaign_851,Seasonal,250
PR0852,P0136,7,2024-04-07,2023-06-20,Campaign_852,Flash Sale,-292
PR0853,P0496,32,2024-07-14,2024-11-08,Campaign_853,Flash Sale,117
PR0854,P0365,33,2024-01-17,2023-08-06,Campaign_854,Bogo,-164
PR0855,P0321,13,2024-08-12,2023-06-07,Campaign_855,Flash Sale,-432
PR0856,P0342,7,2024-09-08,2023-08-19,Campaign_856,Clearance,-386
PR0857,P0500,29,2023-06-18,2023-06-06,Campaign_857,Seasonal,-12
PR0858,P0145,38,2023-08-05,2023-10-14,Campaign_858,Flash Sale,70
PR0859,P0327,16,2024-01-13,2024-12-06,Campaign_859,Clearance,328
PR0860,P0217,46,2023-04-29,2024-07-30,Campaign_860,Clearance,458
PR0861,P0301,13,2023-07-09,2023-08-12,Campaign_861,Clearance,34
PR0862,P0132,19,2024-01-05,2025-01-02,Campaign_862,Clearance,363
PR0863,P0292,44,2023-05-29,2023-05-14,Campaign_863,Bogo,-15
PR0864,P0070,29,2024-11-06,2024-07-18,Campaign_864,Clearance,-111
PR0865,P0252,9,2024-10-13,2023-10-22,Campaign_865,Bogo,-357
PR0866,P0415,15,2024-05-02,2024-02-18,Campaign_866,Bogo,-74
PR0867,P0275,38,2024-01-09,2023-10-17,Campaign_867,Clearance,-84
PR0868,P0445,28,2024-11-23,2024-03-19,Campaign_868,Seasonal,-249
PR0869,P0364,19,2023-06-09,2024-01-23,Campaign_869,Clearance,228
PR0870,P0182,42,2023-12-17,2023-04-15,Campaign_870,Clearance,-246
PR0871,P0167,12,2023-10-15,2024-01-20,Campaign_871,Clearance,97
PR0872,P0091,9,2023-10-15,2024-09-05,Campaign_872,Seasonal,326
PR0873,P0202,30,2023-08-14,2023-08-06,Campaign_873,Festival,-8
PR0874,P0346,22,2024-06-06,2024-12-15,Campaign_874,Festival,192
PR0875,P0019,10,2024-06-05,2023-11-16,Campaign_875,Bogo,-202
PR0876,P0039,41,2023-09-30,2023-03-16,Campaign_876,Bogo,-198
PR0877,P0126,17,2024-02-06,2024-08-25,Campaign_877,Seasonal,201
PR0878,P0451,32,2023-07-02,2023-04-23,Campaign_878,Flash Sale,-70
PR0879,P0173,9,2024-10-26,2023-06-02,Campaign_879,Festival,-512
PR0880,P0141,17,2024-05-02,2024-01-23,Campaign_880,Bogo,-100
PR0881,P0242,21,2023-05-04,2024-07-11,Campaign_881,Festival,434
PR0882,P0220,44,2024-09-17,2023-04-06,Campaign_882,Seasonal,-530
PR0883,P0126,49,2024-02-18,2024-11-17,Campaign_883,Seasonal,273
PR0884,P0058,36,2024-12-25,2024-02-09,Campaign_884,Flash Sale,-320
PR0885,P0148,33,2023-06-21,2023-07-11,Campaign_885,Flash Sale,20
PR0886,P0476,7,2023-10-15,2024-02-14,Campaign_886,Seasonal,122
PR0887,P0456,44,2024-03-10,2024-11-16,Campaign_887,Bogo,251
PR0888,P0317,38,2024-11-16,2024-01-23,Campaign_888,Festival,-298
PR0889,P0383,44,2023-04-23,2023-08-06,Campaign_889,Clearance,105
PR0890,P0361,31,2023-05-02,2023-12-18,Campaign_890,Flash Sale,230
PR0891,P0423,17,2024-06-27,2024-04-24,Campaign_891,Clearance,-64
PR0892,P0001,49,2023-08-10,2024-05-18,Campaign_892,Bogo,282
PR0893,P0387,37,2024-09-22,2023-02-12,Campaign_893,Flash Sale,-588
PR0894,P0461,10,2023-02-08,2023-08-02,Campaign_894,Clearance,175
PR0895,P0348,28,2024-05-11,2023-05-21,Campaign_895,Bogo,-356
PR0896,P0190,23,2023-08-21,2024-06-21,Campaign_896,Festival,305
PR0897,P0191,20,2024-06-13,2023-11-16,Campaign_897,Bogo,-210
PR0898,P0369,44,2023-05-29,2023-11-21,Campaign_898,Flash Sale,176
PR0899,P0409,32,2024-02-01,2024-04-25,Campaign_899,Seasonal,84
PR0900,P0312,37,2024-10-22,2023-09-02,Campaign_900,Festival,-416
PR0901,P0417,45,2024-09-29,2024-10-23,Campaign_901,Clearance,24
PR0902,P0422,17,2023-10-29,2024-08-19,Campaign_902,Flash Sale,295
PR0903,P0117,47,2023-12-26,2023-02-26,Campaign_903,Seasonal,-303
PR0904,P0134,49,2023-08-26,2024-10-21,Campaign_904,Bogo,422
PR0905,P0058,29,2024-10-08,2023-09-18,Campaign_905,Seasonal,-386
PR0906,P0044,46,2024-10-24,2024-08-17,Campaign_906,Flash Sale,-68
PR0907,P0173,40,2023-08-24,2023-12-17,Campaign_907,Flash Sale,115
PR0908,P0160,31,2023-07-22,2023-09-20,Campaign_908,Seasonal,60
PR0909,P0173,42,2023-09-13,2024-11-30,Campaign_909,Bogo,444
PR0910,P0317,11,2024-08-20,2024-04-11,Campaign_910,Seasonal,-131
PR0911,P0303,9,2024-10-23,2024-07-16,Campaign_911,Flash Sale,-99
PR0912,P0149,47,2023-08-23,2024-03-08,Campaign_912,Flash Sale,198
PR0913,P0080,49,2023-12-11,2023-03-24,Campaign_913,Clearance,-262
PR0914,P0374,35,2024-06-17,2023-12-09,Campaign_914,Clearance,-191
PR0915,P0213,27,2024-04-10,2023-11-07,Campaign_915,Festival,-155
PR0916,P0203,46,2024-06-24,2025-01-25,Campaign_916,Flash Sale,215
PR0917,P0252,14,2023-08-01,2023-03-02,Campaign_917,Clearance,-152
PR0918,P0229,36,2024-04-07,2024-01-02,Campaign_918,Seasonal,-96
PR0919,P0164,47,2024-03-11,2023-08-01,Campaign_919,Bogo,-223
PR0920,P0227,34,2023-10-10,2023-02-22,Campaign_920,Seasonal,-230
PR0921,P0147,43,2024-07-15,2024-07-27,Campaign_921,Bogo,12
PR0922,P0020,35,2024-08-29,2024-04-20,Campaign_922,Clearance,-131
PR0923,P0441,22,2024-04-07,2023-04-14,Campaign_923,Festival,-359
PR0924,P0402,40,2024-02-11,2023-02-09,Campaign_924,Seasonal,-367
PR0925,P0047,6,2023-03-29,2024-05-28,Campaign_925,Seasonal,426
PR0926,P0233,18,2023-02-13,2024-04-30,Campaign_926,Seasonal,442
PR0927,P0305,17,2024-04-05,2024-08-18,Campaign_927,Bogo,135
PR0928,P0014,33,2023-10-05,2024-08-16,Campaign_928,Clearance,316
PR0929,P0143,16,2024-11-13,2024-11-20,Campaign_929,Seasonal,7
PR0930,P0415,43,2024-02-25,2023-07-09,Campaign_930,Seasonal,-231
PR0931,P0001,6,2024-12-01,2023-02-13,Campaign_931,Festival,-657
PR0932,P0373,36,2023-12-19,2023-07-27,Campaign_932,Festival,-145
PR0933,P0054,17,2024-11-26,2024-03-17,Campaign_933,Clearance,-254
PR0934,P0374,50,2024-05-29,2023-03-24,Campaign_934,Clearance,-432
PR0935,P0259,31,2024-12-03,2024-03-13,Campaign_935,Flash Sale,-265
PR0936,P0144,45,2024-09-21,2023-02-21,Campaign_936,Festival,-578
PR0937,P0471,21,2023-01-19,2023-03-01,Campaign_937,Flash Sale,41
PR0938,P0441,44,2023-01-23,2025-01-02,Campaign_938,Bogo,710
PR0939,P0459,35,2024-02-17,2023-10-17,Campaign_939,Flash Sale,-123
PR0940,P0012,38,2023-01-30,2023-08-23,Campaign_940,Seasonal,205
PR0941,P0330,28,2023-04-18,2023-03-30,Campaign_941,Flash Sale,-19
PR0942,P0224,49,2024-01-02,2024-05-15,Campaign_942,Clearance,134
PR0943,P0272,39,2023-10-08,2024-05-10,Campaign_943,Bogo,215
PR0944,P0456,10,2023-05-08,2023-02-11,Campaign_944,Seasonal,-86
PR0945,P0358,23,2023-08-17,2024-10-22,Campaign_945,Flash Sale,432
PR0946,P0460,34,2023-04-21,2023-11-16,Campaign_946,Bogo,209
PR0947,P0408,11,2023-05-16,2024-01-19,Campaign_947,Bogo,248
PR0948,P0156,14,2023-12-28,2024-10-30,Campaign_948,Seasonal,307
PR0949,P0373,45,2023-07-05,2023-04-15,Campaign_949,Flash Sale,-81
PR0950,P0008,36,2024-10-17,2025-01-15,Campaign_950,Bogo,90
PR0951,P0122,38,2024-08-06,2024-08-13,Campaign_951,Bogo,7
PR0952,P0348,32,2023-05-09,2024-09-12,Campaign_952,Festival,492
PR0953,P0164,19,2023-09-18,2024-04-15,Campaign_953,Bogo,210
PR0954,P0090,34,2024-05-29,2023-09-28,Campaign_954,Festival,-244
PR0955,P0136,41,2024-03-24,2023-07-03,Campaign_955,Flash Sale,-265
PR0956,P0186,33,2023-04-14,2023-05-06,Campaign_956,Flash Sale,22
PR0957,P0316,26,2024-04-27,2025-01-25,Campaign_957,Flash Sale,273
PR0958,P0178,8,2023-08-12,2023-11-20,Campaign_958,Clearance,100
PR0959,P0028,24,2024-05-05,2023-08-27,Campaign_959,Flash Sale,-252
PR0960,P0220,36,2024-04-17,2024-01-08,Campaign_960,Bogo,-100
PR0961,P0357,40,2023-01-10,2023-04-28,Campaign_961,Seasonal,108
PR0962,P0041,8,2024-02-09,2024-02-24,Campaign_962,Festival,15
PR0963,P0228,31,2023-10-29,2023-12-21,Campaign_963,Clearance,53
PR0964,P0192,21,2023-08-19,2023-07-06,Campaign_964,Flash Sale,-44
PR0965,P0411,16,2023-03-07,2024-11-28,Campaign_965,Flash Sale,632
PR0966,P0447,26,2023-04-22,2024-11-11,Campaign_966,Seasonal,569
PR0967,P0145,21,2023-01-13,2024-10-24,Campaign_967,Seasonal,650
PR0968,P0201,14,2024-01-28,2024-08-29,Campaign_968,Clearance,214
PR0969,P0417,5,2024-05-14,2024-10-10,Campaign_969,Festival,149
PR0970,P0212,26,2024-08-20,2024-11-19,Campaign_970,Flash Sale,91
PR0971,P0461,30,2023-08-22,2023-06-16,Campaign_971,Clearance,-67
PR0972,P0220,22,2024-08-24,2024-12-04,Campaign_972,Bogo,102
PR0973,P0240,18,2023-11-10,2024-04-02,Campaign_973,Bogo,144
PR0974,P0413,33,2024-07-19,2024-04-26,Campaign_974,Clearance,-84
PR0975,P0397,16,2023-01-12,2024-10-03,Campaign_975,Flash Sale,630
PR0976,P0046,40,2023-07-28,2023-06-20,Campaign_976,Clearance,-38
PR0977,P0035,39,2023-01-14,2023-04-23,Campaign_977,Flash Sale,99
PR0978,P0253,16,2024-09-24,2023-07-26,Campaign_978,Seasonal,-426
PR0979,P0390,11,2024-02-22,2023-08-16,Campaign_979,Clearance,-190
PR0980,P0082,33,2024-03-12,2024-10-15,Campaign_980,Flash Sale,217
PR0981,P0371,15,2024-01-12,2024-08-20,Campaign_981,Clearance,221
PR0982,P0256,37,2023-01-20,2024-12-21,Campaign_982,Clearance,701
PR0983,P0197,10,2024-08-09,2024-03-26,Campaign_983,Flash Sale,-136
PR0984,P0303,19,2023-03-11,2024-03-06,Campaign_984,Flash Sale,361
PR0985,P0409,36,2023-07-30,2024-12-28,Campaign_985,Festival,517
PR0986,P0450,15,2023-04-11,2024-05-15,Campaign_986,Clearance,400
PR0987,P0010,27,2024-11-28,2023-09-05,Campaign_987,Bogo,-450
PR0988,P0312,30,2023-05-12,2025-01-28,Campaign_988,Clearance,627
PR0989,P0286,38,2024-09-14,2024-10-23,Campaign_989,Clearance,39
PR0990,P0242,50,2024-01-16,2023-07-24,Campaign_990,Flash Sale,-176
PR0991,P0251,38,2023-05-12,2023-02-22,Campaign_991,Clearance,-79
PR0992,P0365,33,2023-01-20,2025-01-24,Campaign_992,Clearance,735
PR0993,P0005,8,2024-06-19,2023-09-22,Campaign_993,Bogo,-271
PR0994,P0119,21,2023-08-15,2023-02-12,Campaign_994,Flash Sale,-184
PR0995,P0289,39,2023-06-03,2023-05-11,Campaign_995,Clearance,-23
PR0996,P0374,17,2024-04-13,2024-07-19,Campaign_996,Seasonal,97
PR0997,P0065,45,2024-02-09,2024-07-06,Campaign_997,Festival,148
PR0998,P0146,43,2023-07-21,2024-04-26,Campaign_998,Bogo,280
PR0999,P0224,19,2023-02-07,2024-04-05,Campaign_999,Clearance,423
PR1000,P0239,33,2023-07-07,2024-09-27,Campaign_1000,Seasonal,448
